{
  "name": "@queenanya/baileys",
  "version": "6.6.1",
  "description": "WhatsApp API",
  "keywords": [
    "whatsapp",
    "js-whatsapp",
    "whatsapp-api",
    "whatsapp-web",
    "whatsapp-chat",
    "whatsapp-group",
    "automation",
    "multi-device"
  ],
  "homepage": "https://github.com/WhiskeySockets/Baileys",
  "repository": {
    "url": "git@github.com:WhiskeySockets/Baileys.git"
  },
  "license": "MIT",
  "author": "Adhiraj Singh",
  "main": "lib/index.js",
  "types": "lib/index.d.ts",
  "files": [
    "lib/*",
    "WAProto/*",
    "WASignalGroup/*.js"
  ],
  "scripts": {
    "build:all": "tsc && typedoc",
    "build:docs": "typedoc",
    "build:tsc": "tsc",
    "changelog:last": "conventional-changelog -p angular -r 2",
    "changelog:preview": "conventional-changelog -p angular -u",
    "changelog:update": "conventional-changelog -p angular -i CHANGELOG.md -s -r 0",
    "example": "node --inspect -r ts-node/register Example/example.ts",
    "gen:protobuf": "sh WAProto/GenerateStatics.sh",
    "lint": "eslint src --ext .js,.ts,.jsx,.tsx",
    "lint:fix": "eslint src --fix --ext .js,.ts,.jsx,.tsx",
    "prepack": "tsc",
    "prepare": "tsc",
    "release": "release-it",
    "test": "jest"
  },
  "dependencies": {
    "@adiwajshing/keyed-db": "^0.2.4",
    "@hapi/boom": "^9.1.3",
    "@queenanya/ytdlcore": "npm:@queenanya/ytdlcore",
    "@queenanya/ytsearch": "npm:@queenanya/ytsearch",
    "audio-decode": "^2.1.3",
    "axios": "^1.3.3",
    "cache-manager": "^5.2.2",
    "chalk": "^4.1.2",
    "child_process": "^1.0.2",
    "dotenv": "^16.0.0 || ^16.0.3 || ^16.1.4 || latest",
    "express": "^4.18.1 || ^4.18.2",
    "futoin-hkdf": "^1.5.1",
    "libphonenumber-js": "^1.10.20",
    "libsignal": "npm:@queenanya/libsignal",
    "music-metadata": "^7.12.3",
    "node-cache": "^5.1.2",
    "os": "^0.1.2",
    "pino": "^7.0.0",
    "protobufjs": "^6.11.3",
    "uuid": "^9.0.0",
    "ws": "^8.13.0",
    "youtube-yts": "npm:@queenanya/ytsearch",
    "youtubedl-core": "npm:@queenanya/ytdlcore",
    "yt-search": "npm:@queenanya/ytsearch",
    "ytdl-core": "npm:@queenanya/ytdlcore"
  },
  "devDependencies": {
    "@adiwajshing/eslint-config": "github:adiwajshing/eslint-config",
    "@types/got": "^9.6.11",
    "@types/jest": "^27.5.1",
    "@types/node": "^16.0.0",
    "@types/sharp": "^0.29.4",
    "@types/ws": "^8.0.0",
    "conventional-changelog-cli": "^2.2.2",
    "eslint": "^8.0.0",
    "jest": "^27.0.6",
    "jimp": "^0.16.1",
    "link-preview-js": "^3.0.0",
    "open": "^8.4.2",
    "qrcode-terminal": "^0.12.0",
    "release-it": "^15.10.3",
    "sharp": "^0.30.5",
    "ts-jest": "^27.0.3",
    "ts-node": "^10.8.1",
    "typedoc": "^0.24.7",
    "typescript": "^4.6.4"
  },
  "peerDependencies": {
    "jimp": "^0.16.1",
    "link-preview-js": "^3.0.0",
    "qrcode-terminal": "^0.12.0",
    "sharp": "^0.30.5"
  },
  "peerDependenciesMeta": {
    "jimp": {
      "optional": true
    },
    "link-preview-js": {
      "optional": true
    },
    "qrcode-terminal": {
      "optional": true
    },
    "sharp": {
      "optional": true
    }
  },
  "packageManager": "yarn@1.22.19"
}
